<?xml version="1.0" encoding="UTF-8" standalone="no"?><Document xmlns="urn:iso:std:iso:20022:tech:xsd:pain.001.001.03" xmlns:xsi="http://www.w3.org/2001/XMLSchema-instance&amp;quot"><CstmrCdtTrfInitn><GrpHdr><MsgId>1PSS-25132</MsgId><CreDtTm>2025-02-03T17:52:32</CreDtTm><Authstn><Cd>ILEV</Cd></Authstn><NbOfTxs>1</NbOfTxs><InitgPty><Id><OrgId><Othr><Id>ABC52047001</Id></Othr></OrgId></Id></InitgPty></GrpHdr><PmtInf><PmtInfId>06031B02502-1022</PmtInfId><PmtMtd>TRF</PmtMtd><PmtTpInf><SvcLvl><Cd>URGP</Cd></SvcLvl></PmtTpInf><ReqdExctnDt>2025-02-06</ReqdExctnDt><Dbtr><Nm>3A Nutrition Viet Nam</Nm><PstlAdr><AdrLine>Ho Chi Minh,VIETNAM</AdrLine><AdrLine> </AdrLine><AdrLine> </AdrLine></PstlAdr></Dbtr><DbtrAcct><Id><Othr><Id>090308388001</Id></Othr></Id></DbtrAcct><DbtrAgt><FinInstnId><BIC>HSBCVNVX</BIC><PstlAdr><Ctry>VN</Ctry></PstlAdr></FinInstnId></DbtrAgt><CdtTrfTxInf><PmtId><InstrId>06031B02502-1022</InstrId><EndToEndId>06031B02502-1022</EndToEndId></PmtId><Amt><InstdAmt Ccy="VND">3774015184</InstdAmt></Amt><ChrgBr>DEBT</ChrgBr><CdtrAgt><FinInstnId><BIC> </BIC><ClrSysMmbId><MmbId>01604001</MmbId></ClrSysMmbId><Nm>Standard Chartered CN TP HCM</Nm><PstlAdr><Ctry>VN</Ctry><AdrLine>HCM</AdrLine><AdrLine> </AdrLine><AdrLine> </AdrLine><AdrLine> </AdrLine></PstlAdr></FinInstnId></CdtrAgt><Cdtr><Nm>CONG TY TNHH BAO HIEM NHAN THO GENERALI VIET NAM</Nm><PstlAdr><Ctry>VN</Ctry><AdrLine> </AdrLine><AdrLine> </AdrLine><AdrLine> </AdrLine></PstlAdr></Cdtr><CdtrAcct><Id><Othr><Id>90164976002</Id></Othr></Id></CdtrAcct><InstrForCdtrAgt><InstrInf> </InstrInf></InstrForCdtrAgt><RltdRmtInf><RmtLctnMtd>EMAL</RmtLctnMtd><RmtLctnElctrncAdr>VN-3A-STP@abbott.com</RmtLctnElctrncAdr></RltdRmtInf><RltdRmtInf><RmtLctnMtd>EMAL</RmtLctnMtd><RmtLctnElctrncAdr>khue.nguyen@generali-life.com.vn</RmtLctnElctrncAdr></RltdRmtInf><RmtInf><Ustrd>TT Hoa Don 122 Thanh toan chi phi hop dong bao hiem generali 2025 lan 1</Ustrd><Strd><RfrdDocInf><RltdDt>2025-01-20</RltdDt></RfrdDocInf><RfrdDocAmt><DuePyblAmt Ccy="VND">3774015184</DuePyblAmt></RfrdDocAmt><CdtrRefInf><Ref>Thanh toan chi phi hop dong bao hiem generali 2025 lan 1</Ref></CdtrRefInf><AddtlRmtInf>Hoa don 122</AddtlRmtInf></Strd></RmtInf></CdtTrfTxInf></PmtInf></CstmrCdtTrfInitn></Document>