<?xml version="1.0" encoding="UTF-8" standalone="no"?><Document xmlns="urn:iso:std:iso:20022:tech:xsd:pain.001.001.03" xmlns:xsi="http://www.w3.org/2001/XMLSchema-instance&amp;quot"><CstmrCdtTrfInitn><GrpHdr><MsgId>1PSS-25131</MsgId><CreDtTm>2025-02-03T16:32:04</CreDtTm><Authstn><Cd>ILEV</Cd></Authstn><NbOfTxs>10</NbOfTxs><InitgPty><Id><OrgId><Othr><Id>ABC52047001</Id></Othr></OrgId></Id></InitgPty></GrpHdr><PmtInf><PmtInfId>06031B02502-1005</PmtInfId><PmtMtd>TRF</PmtMtd><PmtTpInf><SvcLvl><Cd>URGP</Cd></SvcLvl></PmtTpInf><ReqdExctnDt>2025-02-09</ReqdExctnDt><Dbtr><Nm>3A Nutrition Viet Nam</Nm><PstlAdr><AdrLine>Ho Chi Minh,VIETNAM</AdrLine><AdrLine> </AdrLine><AdrLine> </AdrLine></PstlAdr></Dbtr><DbtrAcct><Id><Othr><Id>090308388001</Id></Othr></Id></DbtrAcct><DbtrAgt><FinInstnId><BIC>HSBCVNVX</BIC><PstlAdr><Ctry>VN</Ctry></PstlAdr></FinInstnId></DbtrAgt><CdtTrfTxInf><PmtId><InstrId>06031B02502-1005</InstrId><EndToEndId>06031B02502-1005</EndToEndId></PmtId><Amt><InstdAmt Ccy="VND">23300735</InstdAmt></Amt><ChrgBr>DEBT</ChrgBr><CdtrAgt><FinInstnId><BIC> </BIC><ClrSysMmbId><MmbId>01203001</MmbId></ClrSysMmbId><Nm>VCB CN Tp HCM</Nm><PstlAdr><Ctry>VN</Ctry><AdrLine>HCM</AdrLine><AdrLine> </AdrLine><AdrLine> </AdrLine><AdrLine> </AdrLine></PstlAdr></FinInstnId></CdtrAgt><Cdtr><Nm>Cty CP Ket Noi Nhan Tai</Nm><PstlAdr><Ctry>VN</Ctry><AdrLine> </AdrLine><AdrLine> </AdrLine><AdrLine> </AdrLine></PstlAdr></Cdtr><CdtrAcct><Id><Othr><Id>0071004287366</Id></Othr></Id></CdtrAcct><InstrForCdtrAgt><InstrInf> </InstrInf></InstrForCdtrAgt><RltdRmtInf><RmtLctnMtd>EMAL</RmtLctnMtd><RmtLctnElctrncAdr>VN-3A-STP@abbott.com</RmtLctnElctrncAdr></RltdRmtInf><RltdRmtInf><RmtLctnMtd>EMAL</RmtLctnMtd><RmtLctnElctrncAdr>tuyenvtt@talentnetgroup.com</RmtLctnElctrncAdr></RltdRmtInf><RmtInf><Ustrd>TT Hoa Don 86 Chi phi dich vu hanh chinh van phong T12 2024</Ustrd><Strd><RfrdDocInf><RltdDt>2025-01-10</RltdDt></RfrdDocInf><RfrdDocAmt><DuePyblAmt Ccy="VND">23300735</DuePyblAmt></RfrdDocAmt><CdtrRefInf><Ref>Chi phi dich vu hanh chinh van phong T12 2024</Ref></CdtrRefInf><AddtlRmtInf>Hoa don 86</AddtlRmtInf></Strd></RmtInf></CdtTrfTxInf></PmtInf><PmtInf><PmtInfId>06031B02502-1018</PmtInfId><PmtMtd>TRF</PmtMtd><PmtTpInf><SvcLvl><Cd>URGP</Cd></SvcLvl></PmtTpInf><ReqdExctnDt>2025-02-10</ReqdExctnDt><Dbtr><Nm>3A Nutrition Viet Nam</Nm><PstlAdr><AdrLine>Ho Chi Minh,VIETNAM</AdrLine><AdrLine> </AdrLine><AdrLine> </AdrLine></PstlAdr></Dbtr><DbtrAcct><Id><Othr><Id>090308388001</Id></Othr></Id></DbtrAcct><DbtrAgt><FinInstnId><BIC>HSBCVNVX</BIC><PstlAdr><Ctry>VN</Ctry></PstlAdr></FinInstnId></DbtrAgt><CdtTrfTxInf><PmtId><InstrId>06031B02502-1018</InstrId><EndToEndId>06031B02502-1018</EndToEndId></PmtId><Amt><InstdAmt Ccy="VND">164166667</InstdAmt></Amt><ChrgBr>DEBT</ChrgBr><CdtrAgt><FinInstnId><BIC> </BIC><ClrSysMmbId><MmbId>01201001</MmbId></ClrSysMmbId><Nm>Vietinbank CN TP HCM</Nm><PstlAdr><Ctry>VN</Ctry><AdrLine>HCM</AdrLine><AdrLine> </AdrLine><AdrLine> </AdrLine><AdrLine> </AdrLine></PstlAdr></FinInstnId></CdtrAgt><Cdtr><Nm>BENH VIEN NHI DONG 2</Nm><PstlAdr><Ctry>VN</Ctry><AdrLine> </AdrLine><AdrLine> </AdrLine><AdrLine> </AdrLine></PstlAdr></Cdtr><CdtrAcct><Id><Othr><Id>110000005074</Id></Othr></Id></CdtrAcct><InstrForCdtrAgt><InstrInf> </InstrInf></InstrForCdtrAgt><RltdRmtInf><RmtLctnMtd>EMAL</RmtLctnMtd><RmtLctnElctrncAdr>VN-3A-STP@abbott.com</RmtLctnElctrncAdr></RltdRmtInf><RltdRmtInf><RmtLctnMtd>EMAL</RmtLctnMtd><RmtLctnElctrncAdr>nhien.nguyen@abbott.com</RmtLctnElctrncAdr></RltdRmtInf><RmtInf><Ustrd>Khoan thanh toan dot 1 CT tu van dinh duong theo thoa thuan hop tac QIP ky tu 12 2024-05 2025</Ustrd><Strd><RfrdDocInf><RltdDt>2024-12-01</RltdDt></RfrdDocInf><RfrdDocAmt><DuePyblAmt Ccy="VND">164166667</DuePyblAmt></RfrdDocAmt><CdtrRefInf><Ref>Khoan thanh toan CT tu van dinh duong theo thoa thuan hop tac QIP ky tu 01 12 2024 den 31 12 2025</Ref></CdtrRefInf><AddtlRmtInf>Hoa don 2025</AddtlRmtInf></Strd></RmtInf></CdtTrfTxInf></PmtInf><PmtInf><PmtInfId>06031B02502-1017</PmtInfId><PmtMtd>TRF</PmtMtd><PmtTpInf><SvcLvl><Cd>URGP</Cd></SvcLvl></PmtTpInf><ReqdExctnDt>2025-02-10</ReqdExctnDt><Dbtr><Nm>3A Nutrition Viet Nam</Nm><PstlAdr><AdrLine>Ho Chi Minh,VIETNAM</AdrLine><AdrLine> </AdrLine><AdrLine> </AdrLine></PstlAdr></Dbtr><DbtrAcct><Id><Othr><Id>090308388001</Id></Othr></Id></DbtrAcct><DbtrAgt><FinInstnId><BIC>HSBCVNVX</BIC><PstlAdr><Ctry>VN</Ctry></PstlAdr></FinInstnId></DbtrAgt><CdtTrfTxInf><PmtId><InstrId>06031B02502-1017</InstrId><EndToEndId>06031B02502-1017</EndToEndId></PmtId><Amt><InstdAmt Ccy="VND">29496960</InstdAmt></Amt><ChrgBr>DEBT</ChrgBr><CdtrAgt><FinInstnId><BIC> </BIC><ClrSysMmbId><MmbId>01202001</MmbId></ClrSysMmbId><Nm>BIDV CN Ba Ria</Nm><PstlAdr><Ctry>VN</Ctry><AdrLine>Ba Ria Vung Tau</AdrLine><AdrLine> </AdrLine><AdrLine> </AdrLine><AdrLine> </AdrLine></PstlAdr></FinInstnId></CdtrAgt><Cdtr><Nm>BENH VIEN BA RIA</Nm><PstlAdr><Ctry>VN</Ctry><AdrLine> </AdrLine><AdrLine> </AdrLine><AdrLine> </AdrLine></PstlAdr></Cdtr><CdtrAcct><Id><Othr><Id>7610309087</Id></Othr></Id></CdtrAcct><InstrForCdtrAgt><InstrInf> </InstrInf></InstrForCdtrAgt><RltdRmtInf><RmtLctnMtd>EMAL</RmtLctnMtd><RmtLctnElctrncAdr>VN-3A-STP@abbott.com</RmtLctnElctrncAdr></RltdRmtInf><RltdRmtInf><RmtLctnMtd>EMAL</RmtLctnMtd><RmtLctnElctrncAdr>nhien.nguyen@abbott.com</RmtLctnElctrncAdr></RltdRmtInf><RmtInf><Ustrd>TT Hoa Don . Khoan thanh toan CT tu van dinh duong theo thoa thuan hop tac QIP 3.0 PL ky tu 03 12 2024</Ustrd><Strd><RfrdDocInf><RltdDt>2024-12-03</RltdDt></RfrdDocInf><RfrdDocAmt><DuePyblAmt Ccy="VND">29496960</DuePyblAmt></RfrdDocAmt><CdtrRefInf><Ref>Khoan thanh toan CT tu van dinh duong theo thoa thuan hop tac QIP 3.0 PL ky tu 03 12 2024</Ref></CdtrRefInf><AddtlRmtInf>Hoa don 2024</AddtlRmtInf></Strd></RmtInf></CdtTrfTxInf></PmtInf><PmtInf><PmtInfId>06031B02502-1001</PmtInfId><PmtMtd>TRF</PmtMtd><PmtTpInf><SvcLvl><Cd>URGP</Cd></SvcLvl></PmtTpInf><ReqdExctnDt>2025-02-04</ReqdExctnDt><Dbtr><Nm>3A Nutrition Viet Nam</Nm><PstlAdr><AdrLine>Ho Chi Minh,VIETNAM</AdrLine><AdrLine> </AdrLine><AdrLine> </AdrLine></PstlAdr></Dbtr><DbtrAcct><Id><Othr><Id>090308388001</Id></Othr></Id></DbtrAcct><DbtrAgt><FinInstnId><BIC>HSBCVNVX</BIC><PstlAdr><Ctry>VN</Ctry></PstlAdr></FinInstnId></DbtrAgt><CdtTrfTxInf><PmtId><InstrId>06031B02502-1001</InstrId><EndToEndId>06031B02502-1001</EndToEndId></PmtId><Amt><InstdAmt Ccy="VND">2927000</InstdAmt></Amt><ChrgBr>DEBT</ChrgBr><CdtrAgt><FinInstnId><BIC> </BIC><ClrSysMmbId><MmbId>01341001</MmbId></ClrSysMmbId><Nm>PG</Nm><PstlAdr><Ctry>VN</Ctry><AdrLine>Ha Noi</AdrLine><AdrLine> </AdrLine><AdrLine> </AdrLine><AdrLine> </AdrLine></PstlAdr></FinInstnId></CdtrAgt><Cdtr><Nm>TKTG-PG BANK CN CHO LON</Nm><PstlAdr><Ctry>VN</Ctry><AdrLine> </AdrLine><AdrLine> </AdrLine><AdrLine> </AdrLine></PstlAdr></Cdtr><CdtrAcct><Id><Othr><Id>4477040000937</Id></Othr></Id></CdtrAcct><InstrForCdtrAgt><InstrInf> </InstrInf></InstrForCdtrAgt><RltdRmtInf><RmtLctnMtd>EMAL</RmtLctnMtd><RmtLctnElctrncAdr>VN-3A-STP@abbott.com</RmtLctnElctrncAdr></RltdRmtInf><RltdRmtInf><RmtLctnMtd>EMAL</RmtLctnMtd><RmtLctnElctrncAdr>vandot.nguyen@abbott.com</RmtLctnElctrncAdr></RltdRmtInf><RmtInf><Ustrd>TT Hoa Don 98868 34166 145243 R1 chi phi nhien lieu 9704 3004 3765 8317</Ustrd><Strd><RfrdDocInf><RltdDt>2025-01-14</RltdDt></RfrdDocInf><RfrdDocAmt><DuePyblAmt Ccy="VND">970000</DuePyblAmt></RfrdDocAmt><CdtrRefInf><Ref>R1 chi phi nhien lieu 9704 3004 3765 8317</Ref></CdtrRefInf><AddtlRmtInf>Hoa don 98868</AddtlRmtInf></Strd><Strd><RfrdDocInf><RltdDt>2025-01-06</RltdDt></RfrdDocInf><RfrdDocAmt><DuePyblAmt Ccy="VND">945500</DuePyblAmt></RfrdDocAmt><CdtrRefInf><Ref>R1 chi phi nhien lieu 9704 3004 3765 8317</Ref></CdtrRefInf><AddtlRmtInf>Hoa don 34166</AddtlRmtInf></Strd><Strd><RfrdDocInf><RltdDt>2025-01-20</RltdDt></RfrdDocInf><RfrdDocAmt><DuePyblAmt Ccy="VND">1011500</DuePyblAmt></RfrdDocAmt><CdtrRefInf><Ref>R1 chi phi nhien lieu 9704 3004 3765 8317</Ref></CdtrRefInf><AddtlRmtInf>Hoa don 145243</AddtlRmtInf></Strd></RmtInf></CdtTrfTxInf></PmtInf><PmtInf><PmtInfId>06031B02502-1003</PmtInfId><PmtMtd>TRF</PmtMtd><PmtTpInf><SvcLvl><Cd>URGP</Cd></SvcLvl></PmtTpInf><ReqdExctnDt>2025-02-09</ReqdExctnDt><Dbtr><Nm>3A Nutrition Viet Nam</Nm><PstlAdr><AdrLine>Ho Chi Minh,VIETNAM</AdrLine><AdrLine> </AdrLine><AdrLine> </AdrLine></PstlAdr></Dbtr><DbtrAcct><Id><Othr><Id>090308388001</Id></Othr></Id></DbtrAcct><DbtrAgt><FinInstnId><BIC>HSBCVNVX</BIC><PstlAdr><Ctry>VN</Ctry></PstlAdr></FinInstnId></DbtrAgt><CdtTrfTxInf><PmtId><InstrId>06031B02502-1003</InstrId><EndToEndId>06031B02502-1003</EndToEndId></PmtId><Amt><InstdAmt Ccy="VND">25784091</InstdAmt></Amt><ChrgBr>DEBT</ChrgBr><CdtrAgt><FinInstnId><BIC> </BIC><ClrSysMmbId><MmbId>01203001</MmbId></ClrSysMmbId><Nm>VCB CN Tan Dinh</Nm><PstlAdr><Ctry>VN</Ctry><AdrLine>HCM</AdrLine><AdrLine> </AdrLine><AdrLine> </AdrLine><AdrLine> </AdrLine></PstlAdr></FinInstnId></CdtrAgt><Cdtr><Nm>Cong Ty Co Phan Wecare 247</Nm><PstlAdr><Ctry>VN</Ctry><AdrLine> </AdrLine><AdrLine> </AdrLine><AdrLine> </AdrLine></PstlAdr></Cdtr><CdtrAcct><Id><Othr><Id>1238999247</Id></Othr></Id></CdtrAcct><InstrForCdtrAgt><InstrInf> </InstrInf></InstrForCdtrAgt><RltdRmtInf><RmtLctnMtd>EMAL</RmtLctnMtd><RmtLctnElctrncAdr>VN-3A-STP@abbott.com</RmtLctnElctrncAdr></RltdRmtInf><RltdRmtInf><RmtLctnMtd>EMAL</RmtLctnMtd><RmtLctnElctrncAdr>ketoan@wecare247.com.vn</RmtLctnElctrncAdr></RltdRmtInf><RmtInf><Ustrd>TT Hoa Don 235 236 chi phi dich vu cham soc co ban T12 2024</Ustrd><Strd><RfrdDocInf><RltdDt>2024-12-31</RltdDt></RfrdDocInf><RfrdDocAmt><DuePyblAmt Ccy="VND">18784091</DuePyblAmt></RfrdDocAmt><CdtrRefInf><Ref>chi phi dich vu cham soc co ban T12 2024</Ref></CdtrRefInf><AddtlRmtInf>Hoa don 235</AddtlRmtInf></Strd><Strd><RfrdDocInf><RltdDt>2024-12-31</RltdDt></RfrdDocInf><RfrdDocAmt><DuePyblAmt Ccy="VND">7000000</DuePyblAmt></RfrdDocAmt><CdtrRefInf><Ref>Chi phi dich vu cham soc co ban T12 2024</Ref></CdtrRefInf><AddtlRmtInf>Hoa don 236</AddtlRmtInf></Strd></RmtInf></CdtTrfTxInf></PmtInf><PmtInf><PmtInfId>06031B02502-1004</PmtInfId><PmtMtd>TRF</PmtMtd><PmtTpInf><SvcLvl><Cd>URGP</Cd></SvcLvl></PmtTpInf><ReqdExctnDt>2025-02-09</ReqdExctnDt><Dbtr><Nm>3A Nutrition Viet Nam</Nm><PstlAdr><AdrLine>Ho Chi Minh,VIETNAM</AdrLine><AdrLine> </AdrLine><AdrLine> </AdrLine></PstlAdr></Dbtr><DbtrAcct><Id><Othr><Id>090308388001</Id></Othr></Id></DbtrAcct><DbtrAgt><FinInstnId><BIC>HSBCVNVX</BIC><PstlAdr><Ctry>VN</Ctry></PstlAdr></FinInstnId></DbtrAgt><CdtTrfTxInf><PmtId><InstrId>06031B02502-1004</InstrId><EndToEndId>06031B02502-1004</EndToEndId></PmtId><Amt><InstdAmt Ccy="VND">34852816</InstdAmt></Amt><ChrgBr>DEBT</ChrgBr><CdtrAgt><FinInstnId><BIC> </BIC><ClrSysMmbId><MmbId>01203001</MmbId></ClrSysMmbId><Nm>VCB CN Tp HCM</Nm><PstlAdr><Ctry>VN</Ctry><AdrLine>HCM</AdrLine><AdrLine> </AdrLine><AdrLine> </AdrLine><AdrLine> </AdrLine></PstlAdr></FinInstnId></CdtrAgt><Cdtr><Nm>Cty CP Ket Noi Nhan Tai</Nm><PstlAdr><Ctry>VN</Ctry><AdrLine> </AdrLine><AdrLine> </AdrLine><AdrLine> </AdrLine></PstlAdr></Cdtr><CdtrAcct><Id><Othr><Id>0071004287366</Id></Othr></Id></CdtrAcct><InstrForCdtrAgt><InstrInf> </InstrInf></InstrForCdtrAgt><RltdRmtInf><RmtLctnMtd>EMAL</RmtLctnMtd><RmtLctnElctrncAdr>VN-3A-STP@abbott.com</RmtLctnElctrncAdr></RltdRmtInf><RltdRmtInf><RmtLctnMtd>EMAL</RmtLctnMtd><RmtLctnElctrncAdr>tuyenvtt@talentnetgroup.com</RmtLctnElctrncAdr></RltdRmtInf><RmtInf><Ustrd>TT Hoa Don 100 chi phi dich vu hanh chinh T12 2024</Ustrd><Strd><RfrdDocInf><RltdDt>2025-01-10</RltdDt></RfrdDocInf><RfrdDocAmt><DuePyblAmt Ccy="VND">34852816</DuePyblAmt></RfrdDocAmt><CdtrRefInf><Ref>chi phi dich vu hanh chinh T12 2024</Ref></CdtrRefInf><AddtlRmtInf>Hoa don 100</AddtlRmtInf></Strd></RmtInf></CdtTrfTxInf></PmtInf><PmtInf><PmtInfId>06031B02502-1002</PmtInfId><PmtMtd>TRF</PmtMtd><PmtTpInf><SvcLvl><Cd>URGP</Cd></SvcLvl></PmtTpInf><ReqdExctnDt>2025-02-04</ReqdExctnDt><Dbtr><Nm>3A Nutrition Viet Nam</Nm><PstlAdr><AdrLine>Ho Chi Minh,VIETNAM</AdrLine><AdrLine> </AdrLine><AdrLine> </AdrLine></PstlAdr></Dbtr><DbtrAcct><Id><Othr><Id>090308388001</Id></Othr></Id></DbtrAcct><DbtrAgt><FinInstnId><BIC>HSBCVNVX</BIC><PstlAdr><Ctry>VN</Ctry></PstlAdr></FinInstnId></DbtrAgt><CdtTrfTxInf><PmtId><InstrId>06031B02502-1002</InstrId><EndToEndId>06031B02502-1002</EndToEndId></PmtId><Amt><InstdAmt Ccy="VND">1214955</InstdAmt></Amt><ChrgBr>DEBT</ChrgBr><CdtrAgt><FinInstnId><BIC> </BIC><ClrSysMmbId><MmbId>01203001</MmbId></ClrSysMmbId><Nm>VCB CN Tan Binh</Nm><PstlAdr><Ctry>VN</Ctry><AdrLine>HCM</AdrLine><AdrLine> </AdrLine><AdrLine> </AdrLine><AdrLine> </AdrLine></PstlAdr></FinInstnId></CdtrAgt><Cdtr><Nm>CONG TY CO PHAN SX- DV TAN BINH TANIMEX</Nm><PstlAdr><Ctry>VN</Ctry><AdrLine> </AdrLine><AdrLine> </AdrLine><AdrLine> </AdrLine></PstlAdr></Cdtr><CdtrAcct><Id><Othr><Id>0071000579639</Id></Othr></Id></CdtrAcct><InstrForCdtrAgt><InstrInf> </InstrInf></InstrForCdtrAgt><RltdRmtInf><RmtLctnMtd>EMAL</RmtLctnMtd><RmtLctnElctrncAdr>VN-3A-STP@abbott.com</RmtLctnElctrncAdr></RltdRmtInf><RltdRmtInf><RmtLctnMtd>EMAL</RmtLctnMtd><RmtLctnElctrncAdr>Pkddvtaniservice@gmail.com</RmtLctnElctrncAdr></RltdRmtInf><RmtInf><Ustrd>TT Hoa Don 7 R1 chi phi cung cap nuoc sinh hoat T01 2025</Ustrd><Strd><RfrdDocInf><RltdDt>2025-01-17</RltdDt></RfrdDocInf><RfrdDocAmt><DuePyblAmt Ccy="VND">1214955</DuePyblAmt></RfrdDocAmt><CdtrRefInf><Ref>R1 chi phi cung cap nuoc sinh hoat T01 2025</Ref></CdtrRefInf><AddtlRmtInf>Hoa don 7</AddtlRmtInf></Strd></RmtInf></CdtTrfTxInf></PmtInf><PmtInf><PmtInfId>06031B02502-1019</PmtInfId><PmtMtd>TRF</PmtMtd><PmtTpInf><SvcLvl><Cd>URGP</Cd></SvcLvl></PmtTpInf><ReqdExctnDt>2025-02-10</ReqdExctnDt><Dbtr><Nm>3A Nutrition Viet Nam</Nm><PstlAdr><AdrLine>Ho Chi Minh,VIETNAM</AdrLine><AdrLine> </AdrLine><AdrLine> </AdrLine></PstlAdr></Dbtr><DbtrAcct><Id><Othr><Id>090308388001</Id></Othr></Id></DbtrAcct><DbtrAgt><FinInstnId><BIC>HSBCVNVX</BIC><PstlAdr><Ctry>VN</Ctry></PstlAdr></FinInstnId></DbtrAgt><CdtTrfTxInf><PmtId><InstrId>06031B02502-1019</InstrId><EndToEndId>06031B02502-1019</EndToEndId></PmtId><Amt><InstdAmt Ccy="VND">28000000</InstdAmt></Amt><ChrgBr>DEBT</ChrgBr><CdtrAgt><FinInstnId><BIC> </BIC><ClrSysMmbId><MmbId>01202001</MmbId></ClrSysMmbId><Nm>BIDV CN Nam Binh Duong</Nm><PstlAdr><Ctry>VN</Ctry><AdrLine>Binh Duong</AdrLine><AdrLine> </AdrLine><AdrLine> </AdrLine><AdrLine> </AdrLine></PstlAdr></FinInstnId></CdtrAgt><Cdtr><Nm>Trung Tam Y Te Thanh Pho Thuan An</Nm><PstlAdr><Ctry>VN</Ctry><AdrLine> </AdrLine><AdrLine> </AdrLine><AdrLine> </AdrLine></PstlAdr></Cdtr><CdtrAcct><Id><Othr><Id>65110000410978</Id></Othr></Id></CdtrAcct><InstrForCdtrAgt><InstrInf> </InstrInf></InstrForCdtrAgt><RltdRmtInf><RmtLctnMtd>EMAL</RmtLctnMtd><RmtLctnElctrncAdr>VN-3A-STP@abbott.com</RmtLctnElctrncAdr></RltdRmtInf><RltdRmtInf><RmtLctnMtd>EMAL</RmtLctnMtd><RmtLctnElctrncAdr>nhien.nguyen@abbott.com</RmtLctnElctrncAdr></RltdRmtInf><RmtInf><Ustrd>TT Hoa Don . Khoan thanh toan CT tu van dinh duong theo thoa thuan hop tac QIP 3.0 PL ky tu 03 12 2024</Ustrd><Strd><RfrdDocInf><RltdDt>2024-12-03</RltdDt></RfrdDocInf><RfrdDocAmt><DuePyblAmt Ccy="VND">28000000</DuePyblAmt></RfrdDocAmt><CdtrRefInf><Ref>Khoan thanh toan CT tu van dinh duong theo thoa thuan hop tac QIP 3.0 PL ky tu 03 12 2024</Ref></CdtrRefInf><AddtlRmtInf>Hoa don 2024</AddtlRmtInf></Strd></RmtInf></CdtTrfTxInf></PmtInf><PmtInf><PmtInfId>06031B02502-1020</PmtInfId><PmtMtd>TRF</PmtMtd><PmtTpInf><SvcLvl><Cd>URGP</Cd></SvcLvl></PmtTpInf><ReqdExctnDt>2025-02-08</ReqdExctnDt><Dbtr><Nm>3A Nutrition Viet Nam</Nm><PstlAdr><AdrLine>Ho Chi Minh,VIETNAM</AdrLine><AdrLine> </AdrLine><AdrLine> </AdrLine></PstlAdr></Dbtr><DbtrAcct><Id><Othr><Id>090308388001</Id></Othr></Id></DbtrAcct><DbtrAgt><FinInstnId><BIC>HSBCVNVX</BIC><PstlAdr><Ctry>VN</Ctry></PstlAdr></FinInstnId></DbtrAgt><CdtTrfTxInf><PmtId><InstrId>06031B02502-1020</InstrId><EndToEndId>06031B02502-1020</EndToEndId></PmtId><Amt><InstdAmt Ccy="VND">590095925</InstdAmt></Amt><ChrgBr>DEBT</ChrgBr><CdtrAgt><FinInstnId><BIC> </BIC><ClrSysMmbId><MmbId>01203001</MmbId></ClrSysMmbId><Nm>VCB CN Tan Dinh</Nm><PstlAdr><Ctry>VN</Ctry><AdrLine>HCM</AdrLine><AdrLine> </AdrLine><AdrLine> </AdrLine><AdrLine> </AdrLine></PstlAdr></FinInstnId></CdtrAgt><Cdtr><Nm>Cong Ty Co Phan Dich Vu Bao Ve SeaZen</Nm><PstlAdr><Ctry>VN</Ctry><AdrLine> </AdrLine><AdrLine> </AdrLine><AdrLine> </AdrLine></PstlAdr></Cdtr><CdtrAcct><Id><Othr><Id>1027616577</Id></Othr></Id></CdtrAcct><InstrForCdtrAgt><InstrInf> </InstrInf></InstrForCdtrAgt><RltdRmtInf><RmtLctnMtd>EMAL</RmtLctnMtd><RmtLctnElctrncAdr>VN-3A-STP@abbott.com</RmtLctnElctrncAdr></RltdRmtInf><RltdRmtInf><RmtLctnMtd>EMAL</RmtLctnMtd><RmtLctnElctrncAdr>kimngan@seazen.com.vn</RmtLctnElctrncAdr></RltdRmtInf><RmtInf><Ustrd>TT Hoa Don 693 chi phi bao ve T09 2024</Ustrd><Strd><RfrdDocInf><RltdDt>2024-10-11</RltdDt></RfrdDocInf><RfrdDocAmt><DuePyblAmt Ccy="VND">590095925</DuePyblAmt></RfrdDocAmt><CdtrRefInf><Ref>chi phi bao ve T09 2024</Ref></CdtrRefInf><AddtlRmtInf>Hoa don 693</AddtlRmtInf></Strd></RmtInf></CdtTrfTxInf></PmtInf><PmtInf><PmtInfId>06031B02502-1021</PmtInfId><PmtMtd>TRF</PmtMtd><PmtTpInf><SvcLvl><Cd>URGP</Cd></SvcLvl></PmtTpInf><ReqdExctnDt>2025-02-09</ReqdExctnDt><Dbtr><Nm>3A Nutrition Viet Nam</Nm><PstlAdr><AdrLine>Ho Chi Minh,VIETNAM</AdrLine><AdrLine> </AdrLine><AdrLine> </AdrLine></PstlAdr></Dbtr><DbtrAcct><Id><Othr><Id>090308388001</Id></Othr></Id></DbtrAcct><DbtrAgt><FinInstnId><BIC>HSBCVNVX</BIC><PstlAdr><Ctry>VN</Ctry></PstlAdr></FinInstnId></DbtrAgt><CdtTrfTxInf><PmtId><InstrId>06031B02502-1021</InstrId><EndToEndId>06031B02502-1021</EndToEndId></PmtId><Amt><InstdAmt Ccy="VND">117633041</InstdAmt></Amt><ChrgBr>DEBT</ChrgBr><CdtrAgt><FinInstnId><BIC> </BIC><ClrSysMmbId><MmbId>01203001</MmbId></ClrSysMmbId><Nm>VCB CN Tp HCM</Nm><PstlAdr><Ctry>VN</Ctry><AdrLine>HCM</AdrLine><AdrLine> </AdrLine><AdrLine> </AdrLine><AdrLine> </AdrLine></PstlAdr></FinInstnId></CdtrAgt><Cdtr><Nm>Cty CP Ket Noi Nhan Tai</Nm><PstlAdr><Ctry>VN</Ctry><AdrLine> </AdrLine><AdrLine> </AdrLine><AdrLine> </AdrLine></PstlAdr></Cdtr><CdtrAcct><Id><Othr><Id>0071004287366</Id></Othr></Id></CdtrAcct><InstrForCdtrAgt><InstrInf> </InstrInf></InstrForCdtrAgt><RltdRmtInf><RmtLctnMtd>EMAL</RmtLctnMtd><RmtLctnElctrncAdr>VN-3A-STP@abbott.com</RmtLctnElctrncAdr></RltdRmtInf><RltdRmtInf><RmtLctnMtd>EMAL</RmtLctnMtd><RmtLctnElctrncAdr>tuyenvtt@talentnetgroup.com</RmtLctnElctrncAdr></RltdRmtInf><RmtInf><Ustrd>TT Hoa Don 96 Chi phi ho tro tiep thi T12 2024</Ustrd><Strd><RfrdDocInf><RltdDt>2025-01-10</RltdDt></RfrdDocInf><RfrdDocAmt><DuePyblAmt Ccy="VND">117633041</DuePyblAmt></RfrdDocAmt><CdtrRefInf><Ref>Chi phi ho tro tiep thi T12 2024</Ref></CdtrRefInf><AddtlRmtInf>Hoa don 96</AddtlRmtInf></Strd></RmtInf></CdtTrfTxInf></PmtInf></CstmrCdtTrfInitn></Document>