<?xml version="1.0" encoding="UTF-8" standalone="no"?><Document xmlns="urn:iso:std:iso:20022:tech:xsd:pain.001.001.03" xmlns:xsi="http://www.w3.org/2001/XMLSchema-instance&amp;quot"><CstmrCdtTrfInitn><GrpHdr><MsgId>1PSS-25130</MsgId><CreDtTm>2025-02-03T13:42:42</CreDtTm><Authstn><Cd>ILEV</Cd></Authstn><NbOfTxs>11</NbOfTxs><InitgPty><Id><OrgId><Othr><Id>ABC52047001</Id></Othr></OrgId></Id></InitgPty></GrpHdr><PmtInf><PmtInfId>06031B02502-1006</PmtInfId><PmtMtd>TRF</PmtMtd><PmtTpInf><SvcLvl><Cd>URGP</Cd></SvcLvl></PmtTpInf><ReqdExctnDt>2025-02-04</ReqdExctnDt><Dbtr><Nm>3A Nutrition Viet Nam</Nm><PstlAdr><AdrLine>Ho Chi Minh,VIETNAM</AdrLine><AdrLine> </AdrLine><AdrLine> </AdrLine></PstlAdr></Dbtr><DbtrAcct><Id><Othr><Id>090308388001</Id></Othr></Id></DbtrAcct><DbtrAgt><FinInstnId><BIC>HSBCVNVX</BIC><PstlAdr><Ctry>VN</Ctry></PstlAdr></FinInstnId></DbtrAgt><CdtTrfTxInf><PmtId><InstrId>06031B02502-1006</InstrId><EndToEndId>06031B02502-1006</EndToEndId></PmtId><Amt><InstdAmt Ccy="VND">1757640</InstdAmt></Amt><ChrgBr>DEBT</ChrgBr><CdtrAgt><FinInstnId><BIC> </BIC><ClrSysMmbId><MmbId>01202001</MmbId></ClrSysMmbId><Nm>BIDV CN Nghe An</Nm><PstlAdr><Ctry>VN</Ctry><AdrLine>Nghe An</AdrLine><AdrLine> </AdrLine><AdrLine> </AdrLine><AdrLine> </AdrLine></PstlAdr></FinInstnId></CdtrAgt><Cdtr><Nm>LE NGOC TU</Nm><PstlAdr><Ctry>VN</Ctry><AdrLine> </AdrLine><AdrLine> </AdrLine><AdrLine> </AdrLine></PstlAdr></Cdtr><CdtrAcct><Id><Othr><Id>51010000078563</Id></Othr></Id></CdtrAcct><InstrForCdtrAgt><InstrInf> </InstrInf></InstrForCdtrAgt><RltdRmtInf><RmtLctnMtd>EMAL</RmtLctnMtd><RmtLctnElctrncAdr>VN-3A-STP@abbott.com</RmtLctnElctrncAdr></RltdRmtInf><RltdRmtInf><RmtLctnMtd>EMAL</RmtLctnMtd><RmtLctnElctrncAdr>ngoctu.le@abbott.com</RmtLctnElctrncAdr></RltdRmtInf><RmtInf><Ustrd>TT Hoa Don 2 3 chi phi tien nuoc sinh hoat Q4 2024</Ustrd><Strd><RfrdDocInf><RltdDt>2025-01-07</RltdDt></RfrdDocInf><RfrdDocAmt><DuePyblAmt Ccy="VND">1571400</DuePyblAmt></RfrdDocAmt><CdtrRefInf><Ref>chi phi tien nuoc sinh hoat Q4 2024</Ref></CdtrRefInf><AddtlRmtInf>Hoa don 2</AddtlRmtInf></Strd><Strd><RfrdDocInf><RltdDt>2025-01-07</RltdDt></RfrdDocInf><RfrdDocAmt><DuePyblAmt Ccy="VND">186240</DuePyblAmt></RfrdDocAmt><CdtrRefInf><Ref>chi phi tien nuoc sinh hoat Q4 2024</Ref></CdtrRefInf><AddtlRmtInf>Hoa don 3</AddtlRmtInf></Strd></RmtInf></CdtTrfTxInf></PmtInf><PmtInf><PmtInfId>06031B02502-1008</PmtInfId><PmtMtd>TRF</PmtMtd><PmtTpInf><SvcLvl><Cd>URGP</Cd></SvcLvl></PmtTpInf><ReqdExctnDt>2025-02-09</ReqdExctnDt><Dbtr><Nm>3A Nutrition Viet Nam</Nm><PstlAdr><AdrLine>Ho Chi Minh,VIETNAM</AdrLine><AdrLine> </AdrLine><AdrLine> </AdrLine></PstlAdr></Dbtr><DbtrAcct><Id><Othr><Id>090308388001</Id></Othr></Id></DbtrAcct><DbtrAgt><FinInstnId><BIC>HSBCVNVX</BIC><PstlAdr><Ctry>VN</Ctry></PstlAdr></FinInstnId></DbtrAgt><CdtTrfTxInf><PmtId><InstrId>06031B02502-1008</InstrId><EndToEndId>06031B02502-1008</EndToEndId></PmtId><Amt><InstdAmt Ccy="VND">7360000</InstdAmt></Amt><ChrgBr>DEBT</ChrgBr><CdtrAgt><FinInstnId><BIC> </BIC><ClrSysMmbId><MmbId>01310001</MmbId></ClrSysMmbId><Nm>Techcombank CN Da Nang</Nm><PstlAdr><Ctry>VN</Ctry><AdrLine>Da Nang</AdrLine><AdrLine> </AdrLine><AdrLine> </AdrLine><AdrLine> </AdrLine></PstlAdr></FinInstnId></CdtrAgt><Cdtr><Nm>Duong Le Hao</Nm><PstlAdr><Ctry>VN</Ctry><AdrLine> </AdrLine><AdrLine> </AdrLine><AdrLine> </AdrLine></PstlAdr></Cdtr><CdtrAcct><Id><Othr><Id>80909999999999</Id></Othr></Id></CdtrAcct><InstrForCdtrAgt><InstrInf> </InstrInf></InstrForCdtrAgt><RltdRmtInf><RmtLctnMtd>EMAL</RmtLctnMtd><RmtLctnElctrncAdr>VN-3A-STP@abbott.com</RmtLctnElctrncAdr></RltdRmtInf><RltdRmtInf><RmtLctnMtd>EMAL</RmtLctnMtd><RmtLctnElctrncAdr>lehao.duong@abbott.com</RmtLctnElctrncAdr></RltdRmtInf><RmtInf><Ustrd>TT Hoa Don 9949 9952 9950 00000001 00000028 Cong tac phi 01 2025</Ustrd><Strd><RfrdDocInf><RltdDt>2025-01-11</RltdDt></RfrdDocInf><RfrdDocAmt><DuePyblAmt Ccy="VND">1275000</DuePyblAmt></RfrdDocAmt><CdtrRefInf><Ref>Cong tac phi 01 2025</Ref></CdtrRefInf><AddtlRmtInf>Hoa don 9949</AddtlRmtInf></Strd><Strd><RfrdDocInf><RltdDt>2025-01-11</RltdDt></RfrdDocInf><RfrdDocAmt><DuePyblAmt Ccy="VND">160000</DuePyblAmt></RfrdDocAmt><CdtrRefInf><Ref>Cong tac phi 01 2025</Ref></CdtrRefInf><AddtlRmtInf>Hoa don 9952</AddtlRmtInf></Strd><Strd><RfrdDocInf><RltdDt>2025-01-11</RltdDt></RfrdDocInf><RfrdDocAmt><DuePyblAmt Ccy="VND">1125000</DuePyblAmt></RfrdDocAmt><CdtrRefInf><Ref>Cong tac phi 01 2025</Ref></CdtrRefInf><AddtlRmtInf>Hoa don 9950</AddtlRmtInf></Strd><Strd><RfrdDocInf><RltdDt>2025-01-03</RltdDt></RfrdDocInf><RfrdDocAmt><DuePyblAmt Ccy="VND">800000</DuePyblAmt></RfrdDocAmt><CdtrRefInf><Ref>Cong tac phi 01 2025</Ref></CdtrRefInf><AddtlRmtInf>Hoa don 00000001</AddtlRmtInf></Strd><Strd><RfrdDocInf><RltdDt>2025-01-11</RltdDt></RfrdDocInf><RfrdDocAmt><DuePyblAmt Ccy="VND">4000000</DuePyblAmt></RfrdDocAmt><CdtrRefInf><Ref>Cong tac phi 01 2025</Ref></CdtrRefInf><AddtlRmtInf>Hoa don 00000028</AddtlRmtInf></Strd></RmtInf></CdtTrfTxInf></PmtInf><PmtInf><PmtInfId>06031B02502-1009</PmtInfId><PmtMtd>TRF</PmtMtd><PmtTpInf><SvcLvl><Cd>URGP</Cd></SvcLvl></PmtTpInf><ReqdExctnDt>2025-02-09</ReqdExctnDt><Dbtr><Nm>3A Nutrition Viet Nam</Nm><PstlAdr><AdrLine>Ho Chi Minh,VIETNAM</AdrLine><AdrLine> </AdrLine><AdrLine> </AdrLine></PstlAdr></Dbtr><DbtrAcct><Id><Othr><Id>090308388001</Id></Othr></Id></DbtrAcct><DbtrAgt><FinInstnId><BIC>HSBCVNVX</BIC><PstlAdr><Ctry>VN</Ctry></PstlAdr></FinInstnId></DbtrAgt><CdtTrfTxInf><PmtId><InstrId>06031B02502-1009</InstrId><EndToEndId>06031B02502-1009</EndToEndId></PmtId><Amt><InstdAmt Ccy="VND">8120000</InstdAmt></Amt><ChrgBr>DEBT</ChrgBr><CdtrAgt><FinInstnId><BIC> </BIC><ClrSysMmbId><MmbId>01302001</MmbId></ClrSysMmbId><Nm>Maritime</Nm><PstlAdr><Ctry>VN</Ctry><AdrLine>Ha Noi</AdrLine><AdrLine> </AdrLine><AdrLine> </AdrLine><AdrLine> </AdrLine></PstlAdr></FinInstnId></CdtrAgt><Cdtr><Nm>PHAM VAN HOA</Nm><PstlAdr><Ctry>VN</Ctry><AdrLine> </AdrLine><AdrLine> </AdrLine><AdrLine> </AdrLine></PstlAdr></Cdtr><CdtrAcct><Id><Othr><Id>03201010990476</Id></Othr></Id></CdtrAcct><InstrForCdtrAgt><InstrInf> </InstrInf></InstrForCdtrAgt><RltdRmtInf><RmtLctnMtd>EMAL</RmtLctnMtd><RmtLctnElctrncAdr>VN-3A-STP@abbott.com</RmtLctnElctrncAdr></RltdRmtInf><RltdRmtInf><RmtLctnMtd>EMAL</RmtLctnMtd><RmtLctnElctrncAdr>vanhoa.pham@abbott.com</RmtLctnElctrncAdr></RltdRmtInf><RmtInf><Ustrd>TT Hoa Don 00000003 7284 00000001 7281 7282 CTP thang 1 2025</Ustrd><Strd><RfrdDocInf><RltdDt>2025-01-18</RltdDt></RfrdDocInf><RfrdDocAmt><DuePyblAmt Ccy="VND">1800000</DuePyblAmt></RfrdDocAmt><CdtrRefInf><Ref>CTP thang 1 2025</Ref></CdtrRefInf><AddtlRmtInf>Hoa don 00000003</AddtlRmtInf></Strd><Strd><RfrdDocInf><RltdDt>2025-01-18</RltdDt></RfrdDocInf><RfrdDocAmt><DuePyblAmt Ccy="VND">120000</DuePyblAmt></RfrdDocAmt><CdtrRefInf><Ref>CTP thang 1 2025</Ref></CdtrRefInf><AddtlRmtInf>Hoa don 7284</AddtlRmtInf></Strd><Strd><RfrdDocInf><RltdDt>2025-01-13</RltdDt></RfrdDocInf><RfrdDocAmt><DuePyblAmt Ccy="VND">3000000</DuePyblAmt></RfrdDocAmt><CdtrRefInf><Ref>CTP thang 1 2025</Ref></CdtrRefInf><AddtlRmtInf>Hoa don 00000001</AddtlRmtInf></Strd><Strd><RfrdDocInf><RltdDt>2025-01-18</RltdDt></RfrdDocInf><RfrdDocAmt><DuePyblAmt Ccy="VND">1700000</DuePyblAmt></RfrdDocAmt><CdtrRefInf><Ref>CTP thang 1 2025</Ref></CdtrRefInf><AddtlRmtInf>Hoa don 7281</AddtlRmtInf></Strd><Strd><RfrdDocInf><RltdDt>2025-01-18</RltdDt></RfrdDocInf><RfrdDocAmt><DuePyblAmt Ccy="VND">1500000</DuePyblAmt></RfrdDocAmt><CdtrRefInf><Ref>CTP thang 1 2025</Ref></CdtrRefInf><AddtlRmtInf>Hoa don 7282</AddtlRmtInf></Strd></RmtInf></CdtTrfTxInf></PmtInf><PmtInf><PmtInfId>06031B02502-1011</PmtInfId><PmtMtd>TRF</PmtMtd><PmtTpInf><SvcLvl><Cd>URGP</Cd></SvcLvl></PmtTpInf><ReqdExctnDt>2025-02-09</ReqdExctnDt><Dbtr><Nm>3A Nutrition Viet Nam</Nm><PstlAdr><AdrLine>Ho Chi Minh,VIETNAM</AdrLine><AdrLine> </AdrLine><AdrLine> </AdrLine></PstlAdr></Dbtr><DbtrAcct><Id><Othr><Id>090308388001</Id></Othr></Id></DbtrAcct><DbtrAgt><FinInstnId><BIC>HSBCVNVX</BIC><PstlAdr><Ctry>VN</Ctry></PstlAdr></FinInstnId></DbtrAgt><CdtTrfTxInf><PmtId><InstrId>06031B02502-1011</InstrId><EndToEndId>06031B02502-1011</EndToEndId></PmtId><Amt><InstdAmt Ccy="VND">7452000</InstdAmt></Amt><ChrgBr>DEBT</ChrgBr><CdtrAgt><FinInstnId><BIC> </BIC><ClrSysMmbId><MmbId>01310001</MmbId></ClrSysMmbId><Nm>Techcombank CN Yen Bai</Nm><PstlAdr><Ctry>VN</Ctry><AdrLine>Yen Bai</AdrLine><AdrLine> </AdrLine><AdrLine> </AdrLine><AdrLine> </AdrLine></PstlAdr></FinInstnId></CdtrAgt><Cdtr><Nm>HA QUOC TUAN</Nm><PstlAdr><Ctry>VN</Ctry><AdrLine> </AdrLine><AdrLine> </AdrLine><AdrLine> </AdrLine></PstlAdr></Cdtr><CdtrAcct><Id><Othr><Id>19023456208887</Id></Othr></Id></CdtrAcct><InstrForCdtrAgt><InstrInf> </InstrInf></InstrForCdtrAgt><RltdRmtInf><RmtLctnMtd>EMAL</RmtLctnMtd><RmtLctnElctrncAdr>VN-3A-STP@abbott.com</RmtLctnElctrncAdr></RltdRmtInf><RltdRmtInf><RmtLctnMtd>EMAL</RmtLctnMtd><RmtLctnElctrncAdr>quoctuan.ha@abbott.com</RmtLctnElctrncAdr></RltdRmtInf><RmtInf><Ustrd>TT Hoa Don 6751 6754 6752 27 13 CTP thang 01 2025</Ustrd><Strd><RfrdDocInf><RltdDt>2025-01-16</RltdDt></RfrdDocInf><RfrdDocAmt><DuePyblAmt Ccy="VND">1360000</DuePyblAmt></RfrdDocAmt><CdtrRefInf><Ref>CTP thang 01 2025</Ref></CdtrRefInf><AddtlRmtInf>Hoa don 6751</AddtlRmtInf></Strd><Strd><RfrdDocInf><RltdDt>2025-01-16</RltdDt></RfrdDocInf><RfrdDocAmt><DuePyblAmt Ccy="VND">140000</DuePyblAmt></RfrdDocAmt><CdtrRefInf><Ref>CTP thang 01 2025</Ref></CdtrRefInf><AddtlRmtInf>Hoa don 6754</AddtlRmtInf></Strd><Strd><RfrdDocInf><RltdDt>2025-01-16</RltdDt></RfrdDocInf><RfrdDocAmt><DuePyblAmt Ccy="VND">1200000</DuePyblAmt></RfrdDocAmt><CdtrRefInf><Ref>CTP thang 01 2025</Ref></CdtrRefInf><AddtlRmtInf>Hoa don 6752</AddtlRmtInf></Strd><Strd><RfrdDocInf><RltdDt>2025-01-16</RltdDt></RfrdDocInf><RfrdDocAmt><DuePyblAmt Ccy="VND">792000</DuePyblAmt></RfrdDocAmt><CdtrRefInf><Ref>CTP thang 01 2025</Ref></CdtrRefInf><AddtlRmtInf>Hoa don 27</AddtlRmtInf></Strd><Strd><RfrdDocInf><RltdDt>2025-01-11</RltdDt></RfrdDocInf><RfrdDocAmt><DuePyblAmt Ccy="VND">3960000</DuePyblAmt></RfrdDocAmt><CdtrRefInf><Ref>CTP thang 01 2025</Ref></CdtrRefInf><AddtlRmtInf>Hoa don 13</AddtlRmtInf></Strd></RmtInf></CdtTrfTxInf></PmtInf><PmtInf><PmtInfId>06031B02502-1016</PmtInfId><PmtMtd>TRF</PmtMtd><PmtTpInf><SvcLvl><Cd>URGP</Cd></SvcLvl></PmtTpInf><ReqdExctnDt>2025-02-09</ReqdExctnDt><Dbtr><Nm>3A Nutrition Viet Nam</Nm><PstlAdr><AdrLine>Ho Chi Minh,VIETNAM</AdrLine><AdrLine> </AdrLine><AdrLine> </AdrLine></PstlAdr></Dbtr><DbtrAcct><Id><Othr><Id>090308388001</Id></Othr></Id></DbtrAcct><DbtrAgt><FinInstnId><BIC>HSBCVNVX</BIC><PstlAdr><Ctry>VN</Ctry></PstlAdr></FinInstnId></DbtrAgt><CdtTrfTxInf><PmtId><InstrId>06031B02502-1016</InstrId><EndToEndId>06031B02502-1016</EndToEndId></PmtId><Amt><InstdAmt Ccy="VND">2826000</InstdAmt></Amt><ChrgBr>DEBT</ChrgBr><CdtrAgt><FinInstnId><BIC> </BIC><ClrSysMmbId><MmbId>01202001</MmbId></ClrSysMmbId><Nm>BIDV CN Khanh Hoa</Nm><PstlAdr><Ctry>VN</Ctry><AdrLine>Khanh Hoa</AdrLine><AdrLine> </AdrLine><AdrLine> </AdrLine><AdrLine> </AdrLine></PstlAdr></FinInstnId></CdtrAgt><Cdtr><Nm>TRAN THI THE VIN</Nm><PstlAdr><Ctry>VN</Ctry><AdrLine> </AdrLine><AdrLine> </AdrLine><AdrLine> </AdrLine></PstlAdr></Cdtr><CdtrAcct><Id><Othr><Id>60110000128498</Id></Othr></Id></CdtrAcct><InstrForCdtrAgt><InstrInf> </InstrInf></InstrForCdtrAgt><RltdRmtInf><RmtLctnMtd>EMAL</RmtLctnMtd><RmtLctnElctrncAdr>VN-3A-STP@abbott.com</RmtLctnElctrncAdr></RltdRmtInf><RltdRmtInf><RmtLctnMtd>EMAL</RmtLctnMtd><RmtLctnElctrncAdr>thevin.tran@abbott.com</RmtLctnElctrncAdr></RltdRmtInf><RmtInf><Ustrd>TT Hoa Don 23678 23663 2350 2349 CONG TAC PHI THANG 01 2025</Ustrd><Strd><RfrdDocInf><RltdDt>2025-01-03</RltdDt></RfrdDocInf><RfrdDocAmt><DuePyblAmt Ccy="VND">612000</DuePyblAmt></RfrdDocAmt><CdtrRefInf><Ref>CONG TAC PHI THANG 01 2025</Ref></CdtrRefInf><AddtlRmtInf>Hoa don 23678</AddtlRmtInf></Strd><Strd><RfrdDocInf><RltdDt>2025-01-03</RltdDt></RfrdDocInf><RfrdDocAmt><DuePyblAmt Ccy="VND">814000</DuePyblAmt></RfrdDocAmt><CdtrRefInf><Ref>CONG TAC PHI THANG 01 2025</Ref></CdtrRefInf><AddtlRmtInf>Hoa don 23663</AddtlRmtInf></Strd><Strd><RfrdDocInf><RltdDt>2025-01-17</RltdDt></RfrdDocInf><RfrdDocAmt><DuePyblAmt Ccy="VND">1200000</DuePyblAmt></RfrdDocAmt><CdtrRefInf><Ref>CONG TAC PHI THANG 01 2025</Ref></CdtrRefInf><AddtlRmtInf>Hoa don 2350</AddtlRmtInf></Strd><Strd><RfrdDocInf><RltdDt>2025-01-17</RltdDt></RfrdDocInf><RfrdDocAmt><DuePyblAmt Ccy="VND">200000</DuePyblAmt></RfrdDocAmt><CdtrRefInf><Ref>CONG TAC PHI THANG 01 2025</Ref></CdtrRefInf><AddtlRmtInf>Hoa don 2349</AddtlRmtInf></Strd></RmtInf></CdtTrfTxInf></PmtInf><PmtInf><PmtInfId>06031B02502-1007</PmtInfId><PmtMtd>TRF</PmtMtd><PmtTpInf><SvcLvl><Cd>URGP</Cd></SvcLvl></PmtTpInf><ReqdExctnDt>2025-02-09</ReqdExctnDt><Dbtr><Nm>3A Nutrition Viet Nam</Nm><PstlAdr><AdrLine>Ho Chi Minh,VIETNAM</AdrLine><AdrLine> </AdrLine><AdrLine> </AdrLine></PstlAdr></Dbtr><DbtrAcct><Id><Othr><Id>090308388001</Id></Othr></Id></DbtrAcct><DbtrAgt><FinInstnId><BIC>HSBCVNVX</BIC><PstlAdr><Ctry>VN</Ctry></PstlAdr></FinInstnId></DbtrAgt><CdtTrfTxInf><PmtId><InstrId>06031B02502-1007</InstrId><EndToEndId>06031B02502-1007</EndToEndId></PmtId><Amt><InstdAmt Ccy="VND">3006000</InstdAmt></Amt><ChrgBr>DEBT</ChrgBr><CdtrAgt><FinInstnId><BIC> </BIC><ClrSysMmbId><MmbId>01202001</MmbId></ClrSysMmbId><Nm>BIDV CN Khanh Hoa</Nm><PstlAdr><Ctry>VN</Ctry><AdrLine>Khanh Hoa</AdrLine><AdrLine> </AdrLine><AdrLine> </AdrLine><AdrLine> </AdrLine></PstlAdr></FinInstnId></CdtrAgt><Cdtr><Nm>PHAM THI LUYEN</Nm><PstlAdr><Ctry>VN</Ctry><AdrLine> </AdrLine><AdrLine> </AdrLine><AdrLine> </AdrLine></PstlAdr></Cdtr><CdtrAcct><Id><Othr><Id>60110000114293</Id></Othr></Id></CdtrAcct><InstrForCdtrAgt><InstrInf> </InstrInf></InstrForCdtrAgt><RltdRmtInf><RmtLctnMtd>EMAL</RmtLctnMtd><RmtLctnElctrncAdr>VN-3A-STP@abbott.com</RmtLctnElctrncAdr></RltdRmtInf><RltdRmtInf><RmtLctnMtd>EMAL</RmtLctnMtd><RmtLctnElctrncAdr>thiluyen.pham@abbott.com</RmtLctnElctrncAdr></RltdRmtInf><RmtInf><Ustrd>TT Hoa Don 23675 00000059 2036 2037 23692 CONG TAC PHI THANG 01 2025</Ustrd><Strd><RfrdDocInf><RltdDt>2025-01-03</RltdDt></RfrdDocInf><RfrdDocAmt><DuePyblAmt Ccy="VND">814000</DuePyblAmt></RfrdDocAmt><CdtrRefInf><Ref>CONG TAC PHI THANG 01 2025</Ref></CdtrRefInf><AddtlRmtInf>Hoa don 23675</AddtlRmtInf></Strd><Strd><RfrdDocInf><RltdDt>2025-01-17</RltdDt></RfrdDocInf><RfrdDocAmt><DuePyblAmt Ccy="VND">750000</DuePyblAmt></RfrdDocAmt><CdtrRefInf><Ref>CONG TAC PHI THANG 01 2025</Ref></CdtrRefInf><AddtlRmtInf>Hoa don 00000059</AddtlRmtInf></Strd><Strd><RfrdDocInf><RltdDt>2025-01-17</RltdDt></RfrdDocInf><RfrdDocAmt><DuePyblAmt Ccy="VND">680000</DuePyblAmt></RfrdDocAmt><CdtrRefInf><Ref>CONG TAC PHI THANG 01 2025</Ref></CdtrRefInf><AddtlRmtInf>Hoa don 2036</AddtlRmtInf></Strd><Strd><RfrdDocInf><RltdDt>2025-01-17</RltdDt></RfrdDocInf><RfrdDocAmt><DuePyblAmt Ccy="VND">150000</DuePyblAmt></RfrdDocAmt><CdtrRefInf><Ref>CONG TAC PHI THANG 01 2025</Ref></CdtrRefInf><AddtlRmtInf>Hoa don 2037</AddtlRmtInf></Strd><Strd><RfrdDocInf><RltdDt>2025-01-03</RltdDt></RfrdDocInf><RfrdDocAmt><DuePyblAmt Ccy="VND">612000</DuePyblAmt></RfrdDocAmt><CdtrRefInf><Ref>CONG TAC PHI THANG 01 2025</Ref></CdtrRefInf><AddtlRmtInf>Hoa don 23692</AddtlRmtInf></Strd></RmtInf></CdtTrfTxInf></PmtInf><PmtInf><PmtInfId>06031B02502-1010</PmtInfId><PmtMtd>TRF</PmtMtd><PmtTpInf><SvcLvl><Cd>URGP</Cd></SvcLvl></PmtTpInf><ReqdExctnDt>2025-02-09</ReqdExctnDt><Dbtr><Nm>3A Nutrition Viet Nam</Nm><PstlAdr><AdrLine>Ho Chi Minh,VIETNAM</AdrLine><AdrLine> </AdrLine><AdrLine> </AdrLine></PstlAdr></Dbtr><DbtrAcct><Id><Othr><Id>090308388001</Id></Othr></Id></DbtrAcct><DbtrAgt><FinInstnId><BIC>HSBCVNVX</BIC><PstlAdr><Ctry>VN</Ctry></PstlAdr></FinInstnId></DbtrAgt><CdtTrfTxInf><PmtId><InstrId>06031B02502-1010</InstrId><EndToEndId>06031B02502-1010</EndToEndId></PmtId><Amt><InstdAmt Ccy="VND">4370000</InstdAmt></Amt><ChrgBr>DEBT</ChrgBr><CdtrAgt><FinInstnId><BIC> </BIC><ClrSysMmbId><MmbId>01311001</MmbId></ClrSysMmbId><Nm>MB CN Bac Giang</Nm><PstlAdr><Ctry>VN</Ctry><AdrLine>Bac Giang</AdrLine><AdrLine> </AdrLine><AdrLine> </AdrLine><AdrLine> </AdrLine></PstlAdr></FinInstnId></CdtrAgt><Cdtr><Nm>NGUYEN VAN THAI</Nm><PstlAdr><Ctry>VN</Ctry><AdrLine> </AdrLine><AdrLine> </AdrLine><AdrLine> </AdrLine></PstlAdr></Cdtr><CdtrAcct><Id><Othr><Id>3002304440203</Id></Othr></Id></CdtrAcct><InstrForCdtrAgt><InstrInf> </InstrInf></InstrForCdtrAgt><RltdRmtInf><RmtLctnMtd>EMAL</RmtLctnMtd><RmtLctnElctrncAdr>VN-3A-STP@abbott.com</RmtLctnElctrncAdr></RltdRmtInf><RltdRmtInf><RmtLctnMtd>EMAL</RmtLctnMtd><RmtLctnElctrncAdr>vanthai.nguyen@abbott.com</RmtLctnElctrncAdr></RltdRmtInf><RmtInf><Ustrd>TT Hoa Don 7334 7333 9 7336 Cong tac phi thang 01 2025</Ustrd><Strd><RfrdDocInf><RltdDt>2025-01-11</RltdDt></RfrdDocInf><RfrdDocAmt><DuePyblAmt Ccy="VND">900000</DuePyblAmt></RfrdDocAmt><CdtrRefInf><Ref>Cong tac phi thang 01 2025</Ref></CdtrRefInf><AddtlRmtInf>Hoa don 7334</AddtlRmtInf></Strd><Strd><RfrdDocInf><RltdDt>2025-01-11</RltdDt></RfrdDocInf><RfrdDocAmt><DuePyblAmt Ccy="VND">1020000</DuePyblAmt></RfrdDocAmt><CdtrRefInf><Ref>Cong tac phi thang 01 2025</Ref></CdtrRefInf><AddtlRmtInf>Hoa don 7333</AddtlRmtInf></Strd><Strd><RfrdDocInf><RltdDt>2025-01-10</RltdDt></RfrdDocInf><RfrdDocAmt><DuePyblAmt Ccy="VND">2400000</DuePyblAmt></RfrdDocAmt><CdtrRefInf><Ref>Cong tac phi thang 01 2025</Ref></CdtrRefInf><AddtlRmtInf>Hoa don 9</AddtlRmtInf></Strd><Strd><RfrdDocInf><RltdDt>2025-01-11</RltdDt></RfrdDocInf><RfrdDocAmt><DuePyblAmt Ccy="VND">50000</DuePyblAmt></RfrdDocAmt><CdtrRefInf><Ref>Cong tac phi thang 01 2025</Ref></CdtrRefInf><AddtlRmtInf>Hoa don 7336</AddtlRmtInf></Strd></RmtInf></CdtTrfTxInf></PmtInf><PmtInf><PmtInfId>06031B02502-1012</PmtInfId><PmtMtd>TRF</PmtMtd><PmtTpInf><SvcLvl><Cd>URGP</Cd></SvcLvl></PmtTpInf><ReqdExctnDt>2025-02-09</ReqdExctnDt><Dbtr><Nm>3A Nutrition Viet Nam</Nm><PstlAdr><AdrLine>Ho Chi Minh,VIETNAM</AdrLine><AdrLine> </AdrLine><AdrLine> </AdrLine></PstlAdr></Dbtr><DbtrAcct><Id><Othr><Id>090308388001</Id></Othr></Id></DbtrAcct><DbtrAgt><FinInstnId><BIC>HSBCVNVX</BIC><PstlAdr><Ctry>VN</Ctry></PstlAdr></FinInstnId></DbtrAgt><CdtTrfTxInf><PmtId><InstrId>06031B02502-1012</InstrId><EndToEndId>06031B02502-1012</EndToEndId></PmtId><Amt><InstdAmt Ccy="VND">6998000</InstdAmt></Amt><ChrgBr>DEBT</ChrgBr><CdtrAgt><FinInstnId><BIC> </BIC><ClrSysMmbId><MmbId>01310001</MmbId></ClrSysMmbId><Nm>Techcombank CN Ha Noi</Nm><PstlAdr><Ctry>VN</Ctry><AdrLine>Ha Noi</AdrLine><AdrLine> </AdrLine><AdrLine> </AdrLine><AdrLine> </AdrLine></PstlAdr></FinInstnId></CdtrAgt><Cdtr><Nm>NGUYEN CHIEN THUAT</Nm><PstlAdr><Ctry>VN</Ctry><AdrLine> </AdrLine><AdrLine> </AdrLine><AdrLine> </AdrLine></PstlAdr></Cdtr><CdtrAcct><Id><Othr><Id>19025744901018</Id></Othr></Id></CdtrAcct><InstrForCdtrAgt><InstrInf> </InstrInf></InstrForCdtrAgt><RltdRmtInf><RmtLctnMtd>EMAL</RmtLctnMtd><RmtLctnElctrncAdr>VN-3A-STP@abbott.com</RmtLctnElctrncAdr></RltdRmtInf><RltdRmtInf><RmtLctnMtd>EMAL</RmtLctnMtd><RmtLctnElctrncAdr>thuat.nguyen@abbott.com</RmtLctnElctrncAdr></RltdRmtInf><RmtInf><Ustrd>TT Hoa Don 00000018 00000034 2386 29 Cong tac phi T1 2025</Ustrd><Strd><RfrdDocInf><RltdDt>2025-01-10</RltdDt></RfrdDocInf><RfrdDocAmt><DuePyblAmt Ccy="VND">2400000</DuePyblAmt></RfrdDocAmt><CdtrRefInf><Ref>Cong tac phi T1 2025</Ref></CdtrRefInf><AddtlRmtInf>Hoa don 00000018</AddtlRmtInf></Strd><Strd><RfrdDocInf><RltdDt>2025-01-11</RltdDt></RfrdDocInf><RfrdDocAmt><DuePyblAmt Ccy="VND">800000</DuePyblAmt></RfrdDocAmt><CdtrRefInf><Ref>Cong tac phi T1 2025</Ref></CdtrRefInf><AddtlRmtInf>Hoa don 00000034</AddtlRmtInf></Strd><Strd><RfrdDocInf><RltdDt>2025-01-17</RltdDt></RfrdDocInf><RfrdDocAmt><DuePyblAmt Ccy="VND">1530000</DuePyblAmt></RfrdDocAmt><CdtrRefInf><Ref>Cong tac phi T1 2025</Ref></CdtrRefInf><AddtlRmtInf>Hoa don 2386</AddtlRmtInf></Strd><Strd><RfrdDocInf><RltdDt>2025-01-17</RltdDt></RfrdDocInf><RfrdDocAmt><DuePyblAmt Ccy="VND">2268000</DuePyblAmt></RfrdDocAmt><CdtrRefInf><Ref>Cong tac phi T1 2025</Ref></CdtrRefInf><AddtlRmtInf>Hoa don 29</AddtlRmtInf></Strd></RmtInf></CdtTrfTxInf></PmtInf><PmtInf><PmtInfId>06031B02502-1013</PmtInfId><PmtMtd>TRF</PmtMtd><PmtTpInf><SvcLvl><Cd>URGP</Cd></SvcLvl></PmtTpInf><ReqdExctnDt>2025-02-09</ReqdExctnDt><Dbtr><Nm>3A Nutrition Viet Nam</Nm><PstlAdr><AdrLine>Ho Chi Minh,VIETNAM</AdrLine><AdrLine> </AdrLine><AdrLine> </AdrLine></PstlAdr></Dbtr><DbtrAcct><Id><Othr><Id>090308388001</Id></Othr></Id></DbtrAcct><DbtrAgt><FinInstnId><BIC>HSBCVNVX</BIC><PstlAdr><Ctry>VN</Ctry></PstlAdr></FinInstnId></DbtrAgt><CdtTrfTxInf><PmtId><InstrId>06031B02502-1013</InstrId><EndToEndId>06031B02502-1013</EndToEndId></PmtId><Amt><InstdAmt Ccy="VND">810000</InstdAmt></Amt><ChrgBr>DEBT</ChrgBr><CdtrAgt><FinInstnId><BIC> </BIC><ClrSysMmbId><MmbId>01203001</MmbId></ClrSysMmbId><Nm>VCB CN Dac Lac</Nm><PstlAdr><Ctry>VN</Ctry><AdrLine>Dac Lac</AdrLine><AdrLine> </AdrLine><AdrLine> </AdrLine><AdrLine> </AdrLine></PstlAdr></FinInstnId></CdtrAgt><Cdtr><Nm>Nguyen Thi Thu Nga</Nm><PstlAdr><Ctry>VN</Ctry><AdrLine> </AdrLine><AdrLine> </AdrLine><AdrLine> </AdrLine></PstlAdr></Cdtr><CdtrAcct><Id><Othr><Id>0231000633783</Id></Othr></Id></CdtrAcct><InstrForCdtrAgt><InstrInf> </InstrInf></InstrForCdtrAgt><RltdRmtInf><RmtLctnMtd>EMAL</RmtLctnMtd><RmtLctnElctrncAdr>VN-3A-STP@abbott.com</RmtLctnElctrncAdr></RltdRmtInf><RltdRmtInf><RmtLctnMtd>EMAL</RmtLctnMtd><RmtLctnElctrncAdr>thithunga.nguyen@abbott.com</RmtLctnElctrncAdr></RltdRmtInf><RmtInf><Ustrd>TT Hoa Don 11374 11373 CONG TAC PHI T01 NAM 2025</Ustrd><Strd><RfrdDocInf><RltdDt>2025-01-18</RltdDt></RfrdDocInf><RfrdDocAmt><DuePyblAmt Ccy="VND">360000</DuePyblAmt></RfrdDocAmt><CdtrRefInf><Ref>CONG TAC PHI T01 NAM 2025</Ref></CdtrRefInf><AddtlRmtInf>Hoa don 11374</AddtlRmtInf></Strd><Strd><RfrdDocInf><RltdDt>2025-01-18</RltdDt></RfrdDocInf><RfrdDocAmt><DuePyblAmt Ccy="VND">450000</DuePyblAmt></RfrdDocAmt><CdtrRefInf><Ref>CONG TAC PHI T01 NAM 2025</Ref></CdtrRefInf><AddtlRmtInf>Hoa don 11373</AddtlRmtInf></Strd></RmtInf></CdtTrfTxInf></PmtInf><PmtInf><PmtInfId>06031B02502-1014</PmtInfId><PmtMtd>TRF</PmtMtd><PmtTpInf><SvcLvl><Cd>URGP</Cd></SvcLvl></PmtTpInf><ReqdExctnDt>2025-02-09</ReqdExctnDt><Dbtr><Nm>3A Nutrition Viet Nam</Nm><PstlAdr><AdrLine>Ho Chi Minh,VIETNAM</AdrLine><AdrLine> </AdrLine><AdrLine> </AdrLine></PstlAdr></Dbtr><DbtrAcct><Id><Othr><Id>090308388001</Id></Othr></Id></DbtrAcct><DbtrAgt><FinInstnId><BIC>HSBCVNVX</BIC><PstlAdr><Ctry>VN</Ctry></PstlAdr></FinInstnId></DbtrAgt><CdtTrfTxInf><PmtId><InstrId>06031B02502-1014</InstrId><EndToEndId>06031B02502-1014</EndToEndId></PmtId><Amt><InstdAmt Ccy="VND">810000</InstdAmt></Amt><ChrgBr>DEBT</ChrgBr><CdtrAgt><FinInstnId><BIC> </BIC><ClrSysMmbId><MmbId>01202001</MmbId></ClrSysMmbId><Nm>BIDV CN Dak Lak</Nm><PstlAdr><Ctry>VN</Ctry><AdrLine>Dac Lac</AdrLine><AdrLine> </AdrLine><AdrLine> </AdrLine><AdrLine> </AdrLine></PstlAdr></FinInstnId></CdtrAgt><Cdtr><Nm>DAO PHI TUAN</Nm><PstlAdr><Ctry>VN</Ctry><AdrLine> </AdrLine><AdrLine> </AdrLine><AdrLine> </AdrLine></PstlAdr></Cdtr><CdtrAcct><Id><Othr><Id>56110000775459</Id></Othr></Id></CdtrAcct><InstrForCdtrAgt><InstrInf> </InstrInf></InstrForCdtrAgt><RltdRmtInf><RmtLctnMtd>EMAL</RmtLctnMtd><RmtLctnElctrncAdr>VN-3A-STP@abbott.com</RmtLctnElctrncAdr></RltdRmtInf><RltdRmtInf><RmtLctnMtd>EMAL</RmtLctnMtd><RmtLctnElctrncAdr>phituan.dao@abbott.com</RmtLctnElctrncAdr></RltdRmtInf><RmtInf><Ustrd>TT Hoa Don 5201 5200 CONG TAC PHI T01 NAM 2025</Ustrd><Strd><RfrdDocInf><RltdDt>2025-01-17</RltdDt></RfrdDocInf><RfrdDocAmt><DuePyblAmt Ccy="VND">360000</DuePyblAmt></RfrdDocAmt><CdtrRefInf><Ref>CONG TAC PHI T01 NAM 2025</Ref></CdtrRefInf><AddtlRmtInf>Hoa don 5201</AddtlRmtInf></Strd><Strd><RfrdDocInf><RltdDt>2025-01-17</RltdDt></RfrdDocInf><RfrdDocAmt><DuePyblAmt Ccy="VND">450000</DuePyblAmt></RfrdDocAmt><CdtrRefInf><Ref>CONG TAC PHI T01 NAM 2025</Ref></CdtrRefInf><AddtlRmtInf>Hoa don 5200</AddtlRmtInf></Strd></RmtInf></CdtTrfTxInf></PmtInf><PmtInf><PmtInfId>06031B02502-1015</PmtInfId><PmtMtd>TRF</PmtMtd><PmtTpInf><SvcLvl><Cd>URGP</Cd></SvcLvl></PmtTpInf><ReqdExctnDt>2025-02-09</ReqdExctnDt><Dbtr><Nm>3A Nutrition Viet Nam</Nm><PstlAdr><AdrLine>Ho Chi Minh,VIETNAM</AdrLine><AdrLine> </AdrLine><AdrLine> </AdrLine></PstlAdr></Dbtr><DbtrAcct><Id><Othr><Id>090308388001</Id></Othr></Id></DbtrAcct><DbtrAgt><FinInstnId><BIC>HSBCVNVX</BIC><PstlAdr><Ctry>VN</Ctry></PstlAdr></FinInstnId></DbtrAgt><CdtTrfTxInf><PmtId><InstrId>06031B02502-1015</InstrId><EndToEndId>06031B02502-1015</EndToEndId></PmtId><Amt><InstdAmt Ccy="VND">5299092</InstdAmt></Amt><ChrgBr>DEBT</ChrgBr><CdtrAgt><FinInstnId><BIC> </BIC><ClrSysMmbId><MmbId>01203001</MmbId></ClrSysMmbId><Nm>VCB CN Dong Nai</Nm><PstlAdr><Ctry>VN</Ctry><AdrLine>Dong Nai</AdrLine><AdrLine> </AdrLine><AdrLine> </AdrLine><AdrLine> </AdrLine></PstlAdr></FinInstnId></CdtrAgt><Cdtr><Nm>HUYNH QUACH HUY HOANG</Nm><PstlAdr><Ctry>VN</Ctry><AdrLine> </AdrLine><AdrLine> </AdrLine><AdrLine> </AdrLine></PstlAdr></Cdtr><CdtrAcct><Id><Othr><Id>0121000670703</Id></Othr></Id></CdtrAcct><InstrForCdtrAgt><InstrInf> </InstrInf></InstrForCdtrAgt><RltdRmtInf><RmtLctnMtd>EMAL</RmtLctnMtd><RmtLctnElctrncAdr>VN-3A-STP@abbott.com</RmtLctnElctrncAdr></RltdRmtInf><RltdRmtInf><RmtLctnMtd>EMAL</RmtLctnMtd><RmtLctnElctrncAdr>quachhuyhoang.huynh@abbott.com</RmtLctnElctrncAdr></RltdRmtInf><RmtInf><Ustrd>TT Hoa Don 94 9 60 425 3031 388 00000030 98 3032 3034 CONG TAC PHI THANG 1 NAM 2025</Ustrd><Strd><RfrdDocInf><RltdDt>2025-01-04</RltdDt></RfrdDocInf><RfrdDocAmt><DuePyblAmt Ccy="VND">147273</DuePyblAmt></RfrdDocAmt><CdtrRefInf><Ref>CONG TAC PHI THANG 1 NAM 2025</Ref></CdtrRefInf><AddtlRmtInf>Hoa don 94</AddtlRmtInf></Strd><Strd><RfrdDocInf><RltdDt>2025-01-04</RltdDt></RfrdDocInf><RfrdDocAmt><DuePyblAmt Ccy="VND">500000</DuePyblAmt></RfrdDocAmt><CdtrRefInf><Ref>CONG TAC PHI THANG 1 NAM 2025</Ref></CdtrRefInf><AddtlRmtInf>Hoa don 9</AddtlRmtInf></Strd><Strd><RfrdDocInf><RltdDt>2025-01-03</RltdDt></RfrdDocInf><RfrdDocAmt><DuePyblAmt Ccy="VND">147273</DuePyblAmt></RfrdDocAmt><CdtrRefInf><Ref>CONG TAC PHI THANG 1 NAM 2025</Ref></CdtrRefInf><AddtlRmtInf>Hoa don 60</AddtlRmtInf></Strd><Strd><RfrdDocInf><RltdDt>2025-01-18</RltdDt></RfrdDocInf><RfrdDocAmt><DuePyblAmt Ccy="VND">147273</DuePyblAmt></RfrdDocAmt><CdtrRefInf><Ref>CONG TAC PHI THANG 1 NAM 2025</Ref></CdtrRefInf><AddtlRmtInf>Hoa don 425</AddtlRmtInf></Strd><Strd><RfrdDocInf><RltdDt>2025-01-18</RltdDt></RfrdDocInf><RfrdDocAmt><DuePyblAmt Ccy="VND">1350000</DuePyblAmt></RfrdDocAmt><CdtrRefInf><Ref>CONG TAC PHI THANG 1 NAM 2025</Ref></CdtrRefInf><AddtlRmtInf>Hoa don 3031</AddtlRmtInf></Strd><Strd><RfrdDocInf><RltdDt>2025-01-17</RltdDt></RfrdDocInf><RfrdDocAmt><DuePyblAmt Ccy="VND">147273</DuePyblAmt></RfrdDocAmt><CdtrRefInf><Ref>CONG TAC PHI THANG 1 NAM 2025</Ref></CdtrRefInf><AddtlRmtInf>Hoa don 388</AddtlRmtInf></Strd><Strd><RfrdDocInf><RltdDt>2025-01-11</RltdDt></RfrdDocInf><RfrdDocAmt><DuePyblAmt Ccy="VND">1000000</DuePyblAmt></RfrdDocAmt><CdtrRefInf><Ref>CONG TAC PHI THANG 1 NAM 2025</Ref></CdtrRefInf><AddtlRmtInf>Hoa don 00000030</AddtlRmtInf></Strd><Strd><RfrdDocInf><RltdDt>2025-01-18</RltdDt></RfrdDocInf><RfrdDocAmt><DuePyblAmt Ccy="VND">500000</DuePyblAmt></RfrdDocAmt><CdtrRefInf><Ref>CONG TAC PHI THANG 1 NAM 2025</Ref></CdtrRefInf><AddtlRmtInf>Hoa don 98</AddtlRmtInf></Strd><Strd><RfrdDocInf><RltdDt>2025-01-18</RltdDt></RfrdDocInf><RfrdDocAmt><DuePyblAmt Ccy="VND">1080000</DuePyblAmt></RfrdDocAmt><CdtrRefInf><Ref>CONG TAC PHI THANG 1 NAM 2025</Ref></CdtrRefInf><AddtlRmtInf>Hoa don 3032</AddtlRmtInf></Strd><Strd><RfrdDocInf><RltdDt>2025-01-16</RltdDt></RfrdDocInf><RfrdDocAmt><DuePyblAmt Ccy="VND">280000</DuePyblAmt></RfrdDocAmt><CdtrRefInf><Ref>CONG TAC PHI THANG 1 NAM 2025</Ref></CdtrRefInf><AddtlRmtInf>Hoa don 3034</AddtlRmtInf></Strd></RmtInf></CdtTrfTxInf></PmtInf></CstmrCdtTrfInitn></Document>