<?xml version="1.0" encoding="UTF-8" standalone="no"?><Document xmlns="urn:iso:std:iso:20022:tech:xsd:pain.001.001.03" xmlns:xsi="http://www.w3.org/2001/XMLSchema-instance&amp;quot"><CstmrCdtTrfInitn><GrpHdr><MsgId>1PSS-25134</MsgId><CreDtTm>2025-02-03T17:54:46</CreDtTm><Authstn><Cd>ILEV</Cd></Authstn><NbOfTxs>1</NbOfTxs><InitgPty><Id><OrgId><Othr><Id>ABC52047001</Id></Othr></OrgId></Id></InitgPty></GrpHdr><PmtInf><PmtInfId>06031B02502-1023</PmtInfId><PmtMtd>TRF</PmtMtd><PmtTpInf><SvcLvl><Cd>URGP</Cd></SvcLvl></PmtTpInf><ReqdExctnDt>2025-02-10</ReqdExctnDt><Dbtr><Nm>3A Nutrition Viet Nam</Nm><PstlAdr><AdrLine>Ho Chi Minh,VIETNAM</AdrLine><AdrLine> </AdrLine><AdrLine> </AdrLine></PstlAdr></Dbtr><DbtrAcct><Id><Othr><Id>090308388001</Id></Othr></Id></DbtrAcct><DbtrAgt><FinInstnId><BIC>HSBCVNVX</BIC><PstlAdr><Ctry>VN</Ctry></PstlAdr></FinInstnId></DbtrAgt><CdtTrfTxInf><PmtId><InstrId>06031B02502-1023</InstrId><EndToEndId>06031B02502-1023</EndToEndId></PmtId><Amt><InstdAmt Ccy="VND">38342637234</InstdAmt></Amt><ChrgBr>DEBT</ChrgBr><CdtrAgt><FinInstnId><BIC> </BIC><ClrSysMmbId><MmbId>79654001</MmbId></ClrSysMmbId><Nm>Citibank N.A Chi Nhanh Ha Noi</Nm><PstlAdr><Ctry>VN</Ctry><AdrLine>Ha Noi</AdrLine><AdrLine> </AdrLine><AdrLine> </AdrLine><AdrLine> </AdrLine></PstlAdr></FinInstnId></CdtrAgt><Cdtr><Nm>3A NUTRITION VIETNAM COMPANY LIMITED</Nm><PstlAdr><Ctry>VN</Ctry><AdrLine> </AdrLine><AdrLine> </AdrLine><AdrLine> </AdrLine></PstlAdr></Cdtr><CdtrAcct><Id><Othr><Id>0202300006</Id></Othr></Id></CdtrAcct><InstrForCdtrAgt><InstrInf> </InstrInf></InstrForCdtrAgt><RltdRmtInf><RmtLctnMtd>EMAL</RmtLctnMtd><RmtLctnElctrncAdr>VN-3A-STP@abbott.com</RmtLctnElctrncAdr></RltdRmtInf><RltdRmtInf><RmtLctnMtd>EMAL</RmtLctnMtd><RmtLctnElctrncAdr>VN-3A-STP@abbott.com</RmtLctnElctrncAdr></RltdRmtInf><RmtInf><Ustrd>Pay to Deneast for invoices due from 11-20 Feb 2025</Ustrd></RmtInf></CdtTrfTxInf></PmtInf></CstmrCdtTrfInitn></Document>